processed_at,device_id,date,actual_date,forecast_date,evaluated_at,calendar_profile,backfill_status,missing_hours,status,data_status,cluster,anomaly_score,anomaly_threshold,anomaly_explanation,actual_kwh,previous_prediction_kwh,prediction_error_kwh,prediction_kwh,prediction_lower_kwh,prediction_upper_kwh,profile_mode,base_prediction_kwh,correction_kwh,feedback_samples,hourly_error_mae,model_version
2026-10-05T18:31:24.290354+05:30,153,2026-08-09,2026-08-09,2026-08-10,2026-10-05T18:31:24.290354+05:30,weekend,daily_total_only_forecast_backfill,"[0, 1, 2, 3, 4, 5, 6, 7, 8, 9, 10, 11, 12, 13, 14, 15, 16, 17, 18, 19, 20, 21, 22, 23]",daily_total_only,daily_total_only,,,,Daily total available; historical forecast backfilled without inventing hourly data.,1598.5,1517.620313,80.879687,,,,,,,,,device153-adaptive-v2
2026-10-05T18:31:24.290354+05:30,153,2026-08-10,2026-08-10,2026-08-11,2026-10-05T18:31:24.290354+05:30,weekday,daily_total_only_forecast_backfill,"[0, 1, 2, 3, 4, 5, 6, 7, 8, 9, 10, 11, 12, 13, 14, 15, 16, 17, 18, 19, 20, 21, 22, 23]",daily_total_only,daily_total_only,,,,Daily total available; historical forecast backfilled without inventing hourly data.,1571.43,1550.785575,20.644425,,,,,,,,,device153-adaptive-v2
2026-10-05T18:31:24.290354+05:30,153,2026-08-11,2026-08-11,2026-08-12,2026-10-05T18:31:24.290354+05:30,weekday,daily_total_only_forecast_backfill,"[0, 1, 2, 3, 4, 5, 6, 7, 8, 9, 10, 11, 12, 13, 14, 15, 16, 17, 18, 19, 20, 21, 22, 23]",daily_total_only,daily_total_only,,,,Daily total available; historical forecast backfilled without inventing hourly data.,1685.75,1555.345011,130.404989,,,,,,,,,device153-adaptive-v2
2026-10-05T18:31:24.290354+05:30,153,2026-08-12,2026-08-12,2026-08-13,2026-10-05T18:31:24.290354+05:30,weekday,daily_total_only_forecast_backfill,"[0, 1, 2, 3, 4, 5, 6, 7, 8, 9, 10, 11, 12, 13, 14, 15, 16, 17, 18, 19, 20, 21, 22, 23]",daily_total_only,daily_total_only,,,,Daily total available; historical forecast backfilled without inventing hourly data.,1646.31,1550.307858,96.002142,,,,,,,,,device153-adaptive-v2
2026-10-05T18:31:24.290354+05:30,153,2026-08-13,2026-08-13,2026-08-14,2026-10-05T18:31:24.290354+05:30,weekday,daily_total_only_forecast_backfill,"[0, 1, 2, 3, 4, 5, 6, 7, 8, 9, 10, 11, 12, 13, 14, 15, 16, 17, 18, 19, 20, 21, 22, 23]",daily_total_only,daily_total_only,,,,Daily total available; historical forecast backfilled without inventing hourly data.,1589.62,1525.721782,63.898218,,,,,,,,,device153-adaptive-v2
2026-10-05T18:31:24.290354+05:30,153,2026-08-14,2026-08-14,2026-08-15,2026-10-05T18:31:24.290354+05:30,weekday,daily_total_only_forecast_backfill,"[0, 1, 2, 3, 4, 5, 6, 7, 8, 9, 10, 11, 12, 13, 14, 15, 16, 17, 18, 19, 20, 21, 22, 23]",daily_total_only,daily_total_only,,,,Daily total available; historical forecast backfilled without inventing hourly data.,1503.06,1494.650269,8.409731,,,,,,,,,device153-adaptive-v2
2026-10-05T18:31:24.290354+05:30,153,2026-08-15,2026-08-15,2026-08-16,2026-10-05T18:31:24.290354+05:30,holiday,daily_total_only_forecast_backfill,"[0, 1, 2, 3, 4, 5, 6, 7, 8, 9, 10, 11, 12, 13, 14, 15, 16, 17, 18, 19, 20, 21, 22, 23]",daily_total_only,daily_total_only,,,,Daily total available; historical forecast backfilled without inventing hourly data.,1391.0,1522.205588,-131.205588,,,,,,,,,device153-adaptive-v2
2026-10-05T18:31:24.290354+05:30,153,2026-08-16,2026-08-16,2026-08-17,2026-10-05T18:31:24.290354+05:30,weekend,daily_total_only_forecast_backfill,"[0, 1, 2, 3, 4, 5, 6, 7, 8, 9, 10, 11, 12, 13, 14, 15, 16, 17, 18, 19, 20, 21, 22, 23]",daily_total_only,daily_total_only,,,,Daily total available; historical forecast backfilled without inventing hourly data.,1442.24,1563.672656,-121.432656,,,,,,,,,device153-adaptive-v2
2026-10-05T18:31:24.290354+05:30,153,2026-08-17,2026-08-17,2026-08-18,2026-10-05T18:31:24.290354+05:30,weekday,daily_total_only_forecast_backfill,"[0, 1, 2, 3, 4, 5, 6, 7, 8, 9, 10, 11, 12, 13, 14, 15, 16, 17, 18, 19, 20, 21, 22, 23]",daily_total_only,daily_total_only,,,,Daily total available; historical forecast backfilled without inventing hourly data.,1633.81,1628.351174,5.458826,,,,,,,,,device153-adaptive-v2
2026-10-05T18:31:24.290354+05:30,153,2026-08-18,2026-08-18,2026-08-19,2026-10-05T18:31:24.290354+05:30,weekday,daily_total_only_forecast_backfill,"[0, 1, 2, 3, 4, 5, 6, 7, 8, 9, 10, 11, 12, 13, 14, 15, 16, 17, 18, 19, 20, 21, 22, 23]",daily_total_only,daily_total_only,,,,Daily total available; historical forecast backfilled without inventing hourly data.,1581.82,1659.561125,-77.741125,,,,,,,,,device153-adaptive-v2
2026-10-05T18:31:24.290354+05:30,153,2026-08-19,2026-08-19,2026-08-20,2026-10-05T18:31:24.290354+05:30,weekday,daily_total_only_forecast_backfill,"[0, 1, 2, 3, 4, 5, 6, 7, 8, 9, 10, 11, 12, 13, 14, 15, 16, 17, 18, 19, 20, 21, 22, 23]",daily_total_only,daily_total_only,,,,Daily total available; historical forecast backfilled without inventing hourly data.,1600.31,1584.500054,15.809946,,,,,,,,,device153-adaptive-v2
2026-10-05T18:31:24.290354+05:30,153,2026-08-20,2026-08-20,2026-08-21,2026-10-05T18:31:24.290354+05:30,weekday,daily_total_only_forecast_backfill,"[0, 1, 2, 3, 4, 5, 6, 7, 8, 9, 10, 11, 12, 13, 14, 15, 16, 17, 18, 19, 20, 21, 22, 23]",daily_total_only,daily_total_only,,,,Daily total available; historical forecast backfilled without inventing hourly data.,1627.5,1532.022398,95.477602,,,,,,,,,device153-adaptive-v2
2026-10-05T18:31:24.290354+05:30,153,2026-08-21,2026-08-21,2026-08-22,2026-10-05T18:31:24.290354+05:30,weekday,daily_total_only_forecast_backfill,"[0, 1, 2, 3, 4, 5, 6, 7, 8, 9, 10, 11, 12, 13, 14, 15, 16, 17, 18, 19, 20, 21, 22, 23]",daily_total_only,daily_total_only,,,,Daily total available; historical forecast backfilled without inventing hourly data.,1597.06,1546.038825,51.021175,,,,,,,,,device153-adaptive-v2
2026-10-05T18:31:24.290354+05:30,153,2026-08-22,2026-08-22,2026-08-23,2026-10-05T18:31:24.290354+05:30,weekend,daily_total_only_forecast_backfill,"[0, 1, 2, 3, 4, 5, 6, 7, 8, 9, 10, 11, 12, 13, 14, 15, 16, 17, 18, 19, 20, 21, 22, 23]",daily_total_only,daily_total_only,,,,Daily total available; historical forecast backfilled without inventing hourly data.,1495.94,1530.658459,-34.718459,,,,,,,,,device153-adaptive-v2
2026-10-05T18:31:24.290354+05:30,153,2026-08-23,2026-08-23,2026-08-24,2026-10-05T18:31:24.290354+05:30,weekend,daily_total_only_forecast_backfill,"[0, 1, 2, 3, 4, 5, 6, 7, 8, 9, 10, 11, 12, 13, 14, 15, 16, 17, 18, 19, 20, 21, 22, 23]",daily_total_only,daily_total_only,,,,Daily total available; historical forecast backfilled without inventing hourly data.,1372.0,1526.514893,-154.514893,,,,,,,,,device153-adaptive-v2
2026-10-05T18:31:24.290354+05:30,153,2026-08-24,2026-08-24,2026-08-25,2026-10-05T18:31:24.290354+05:30,weekday,daily_total_only_forecast_backfill,"[0, 1, 2, 3, 4, 5, 6, 7, 8, 9, 10, 11, 12, 13, 14, 15, 16, 17, 18, 19, 20, 21, 22, 23]",daily_total_only,daily_total_only,,,,Daily total available; historical forecast backfilled without inventing hourly data.,1358.13,1562.469473,-204.339473,,,,,,,,,device153-adaptive-v2
2026-10-05T18:31:24.290354+05:30,153,2026-08-25,2026-08-25,2026-08-26,2026-10-05T18:31:24.290354+05:30,weekday,daily_total_only_forecast_backfill,"[0, 1, 2, 3, 4, 5, 6, 7, 8, 9, 10, 11, 12, 13, 14, 15, 16, 17, 18, 19, 20, 21, 22, 23]",daily_total_only,daily_total_only,,,,Daily total available; historical forecast backfilled without inventing hourly data.,1473.94,1633.647056,-159.707056,,,,,,,,,device153-adaptive-v2
2026-10-05T18:31:24.290354+05:30,153,2026-08-26,2026-08-26,2026-08-27,2026-10-05T18:31:24.290354+05:30,weekday,daily_total_only_forecast_backfill,"[0, 1, 2, 3, 4, 5, 6, 7, 8, 9, 10, 11, 12, 13, 14, 15, 16, 17, 18, 19, 20, 21, 22, 23]",daily_total_only,daily_total_only,,,,Daily total available; historical forecast backfilled without inventing hourly data.,1431.63,1685.395577,-253.765577,,,,,,,,,device153-adaptive-v2
2026-10-05T18:31:24.290354+05:30,153,2026-08-27,2026-08-27,2026-08-28,2026-10-05T18:31:24.290354+05:30,weekday,daily_total_only_forecast_backfill,"[0, 1, 2, 3, 4, 5, 6, 7, 8, 9, 10, 11, 12, 13, 14, 15, 16, 17, 18, 19, 20, 21, 22, 23]",daily_total_only,daily_total_only,,,,Daily total available; historical forecast backfilled without inventing hourly data.,1567.43,1524.480217,42.949783,,,,,,,,,device153-adaptive-v2
2026-10-05T18:31:24.290354+05:30,153,2026-08-28,2026-08-28,2026-08-29,2026-10-05T18:31:24.290354+05:30,weekday,daily_total_only_forecast_backfill,"[0, 1, 2, 3, 4, 5, 6, 7, 8, 9, 10, 11, 12, 13, 14, 15, 16, 17, 18, 19, 20, 21, 22, 23]",daily_total_only,daily_total_only,,,,Daily total available; historical forecast backfilled without inventing hourly data.,1584.25,1564.840494,19.409506,,,,,,,,,device153-adaptive-v2
2026-10-05T18:31:24.290354+05:30,153,2026-08-29,2026-08-29,2026-08-30,2026-10-05T18:31:24.290354+05:30,weekend,daily_total_only_forecast_backfill,"[0, 1, 2, 3, 4, 5, 6, 7, 8, 9, 10, 11, 12, 13, 14, 15, 16, 17, 18, 19, 20, 21, 22, 23]",daily_total_only,daily_total_only,,,,Daily total available; historical forecast backfilled without inventing hourly data.,1556.31,1612.691206,-56.381206,,,,,,,,,device153-adaptive-v2
2026-10-05T18:31:24.290354+05:30,153,2026-08-30,2026-08-30,2026-08-31,2026-10-05T18:31:24.290354+05:30,weekend,daily_total_only_forecast_backfill,"[0, 1, 2, 3, 4, 5, 6, 7, 8, 9, 10, 11, 12, 13, 14, 15, 16, 17, 18, 19, 20, 21, 22, 23]",daily_total_only,daily_total_only,,,,Daily total available; historical forecast backfilled without inventing hourly data.,1578.19,1577.427568,0.762432,,,,,,,,,device153-adaptive-v2
2026-10-05T18:31:24.290354+05:30,153,2026-08-31,2026-08-31,2026-09-01,2026-10-05T18:31:24.290354+05:30,weekday,daily_total_only_forecast_backfill,"[0, 1, 2, 3, 4, 5, 6, 7, 8, 9, 10, 11, 12, 13, 14, 15, 16, 17, 18, 19, 20, 21, 22, 23]",daily_total_only,daily_total_only,,,,Daily total available; historical forecast backfilled without inventing hourly data.,820.63,1531.410576,-710.780576,,,,,,,,,device153-adaptive-v2
2026-10-05T18:31:24.290354+05:30,153,2026-09-03,2026-09-03,2026-09-04,2026-10-05T18:31:24.290354+05:30,weekday,daily_total_only_forecast_backfill,"[0, 1, 2, 3, 4, 5, 6, 7, 8, 9, 10, 11, 12, 13, 14, 15, 16, 17, 18, 19, 20, 21, 22, 23]",daily_total_only,daily_total_only,,,,Daily total available; historical forecast backfilled without inventing hourly data.,900.06,1533.50226,-633.44226,,,,,,,,,device153-adaptive-v2
2026-10-05T18:31:24.290354+05:30,153,2026-09-04,2026-09-04,2026-09-05,2026-10-05T18:31:24.290354+05:30,weekday,daily_total_only_forecast_backfill,"[0, 1, 2, 3, 4, 5, 6, 7, 8, 9, 10, 11, 12, 13, 14, 15, 16, 17, 18, 19, 20, 21, 22, 23]",daily_total_only,daily_total_only,,,,Daily total available; historical forecast backfilled without inventing hourly data.,1599.68,1573.56046,26.11954,,,,,,,,,device153-adaptive-v2
2026-10-05T18:31:24.290354+05:30,153,2026-09-05,2026-09-05,2026-09-06,2026-10-05T18:31:24.290354+05:30,weekend,daily_total_only_forecast_backfill,"[0, 1, 2, 3, 4, 5, 6, 7, 8, 9, 10, 11, 12, 13, 14, 15, 16, 17, 18, 19, 20, 21, 22, 23]",daily_total_only,daily_total_only,,,,Daily total available; historical forecast backfilled without inventing hourly data.,1526.76,1641.597514,-114.837514,,,,,,,,,device153-adaptive-v2
2026-10-05T18:31:24.290354+05:30,153,2026-09-06,2026-09-06,2026-09-07,2026-10-05T18:31:24.290354+05:30,weekend,daily_total_only_forecast_backfill,"[0, 1, 2, 3, 4, 5, 6, 7, 8, 9, 10, 11, 12, 13, 14, 15, 16, 17, 18, 19, 20, 21, 22, 23]",daily_total_only,daily_total_only,,,,Daily total available; historical forecast backfilled without inventing hourly data.,1601.19,1659.804087,-58.614087,,,,,,,,,device153-adaptive-v2
2026-10-05T18:31:24.290354+05:30,153,2026-09-07,2026-09-07,2026-09-08,2026-10-05T18:31:24.290354+05:30,weekday,daily_total_only_forecast_backfill,"[0, 1, 2, 3, 4, 5, 6, 7, 8, 9, 10, 11, 12, 13, 14, 15, 16, 17, 18, 19, 20, 21, 22, 23]",daily_total_only,daily_total_only,,,,Daily total available; historical forecast backfilled without inventing hourly data.,1739.31,1571.371259,167.938741,,,,,,,,,device153-adaptive-v2
2026-10-05T18:31:24.290354+05:30,153,2026-09-08,2026-09-08,2026-09-09,2026-10-05T18:31:24.290354+05:30,weekday,daily_total_only_forecast_backfill,"[0, 1, 2, 3, 4, 5, 6, 7, 8, 9, 10, 11, 12, 13, 14, 15, 16, 17, 18, 19, 20, 21, 22, 23]",daily_total_only,daily_total_only,,,,Daily total available; historical forecast backfilled without inventing hourly data.,1730.19,1509.505557,220.684443,,,,,,,,,device153-adaptive-v2
2026-10-05T18:31:24.290354+05:30,153,2026-09-09,2026-09-09,2026-09-10,2026-10-05T18:31:24.290354+05:30,weekday,daily_total_only_forecast_backfill,"[0, 1, 2, 3, 4, 5, 6, 7, 8, 9, 10, 11, 12, 13, 14, 15, 16, 17, 18, 19, 20, 21, 22, 23]",daily_total_only,daily_total_only,,,,Daily total available; historical forecast backfilled without inventing hourly data.,1711.0,1516.827408,194.172592,,,,,,,,,device153-adaptive-v2
2026-10-05T18:31:24.290354+05:30,153,2026-09-10,2026-09-10,2026-09-11,2026-10-05T18:31:24.290354+05:30,weekday,daily_total_only_forecast_backfill,"[0, 1, 2, 3, 4, 5, 6, 7, 8, 9, 10, 11, 12, 13, 14, 15, 16, 17, 18, 19, 20, 21, 22, 23]",daily_total_only,daily_total_only,,,,Daily total available; historical forecast backfilled without inventing hourly data.,1743.0,1515.874765,227.125235,,,,,,,,,device153-adaptive-v2
2026-09-12T00:00:51.866287+05:30,153,2026-09-11,2026-09-11,2026-09-12,2026-10-05T18:31:24.290354+05:30,weekday,measured_24_hours,,normal,complete,2,5.780095,5.8129962635,,1672.75,1544.356473,128.393527,1460.502167,,,,1460.502167,0.0,0,,
2026-09-13T00:01:14.050844+05:30,153,2026-09-12,2026-09-12,2026-09-13,,weekend,measured_24_hours,,normal,complete,2,5.338963,5.8129962635,Not enough comparable historical days for a detailed explanation.,1646.93,1460.502167,186.427833,1812.524664,1696.20989,1928.839438,weekday profile,1626.096831,186.427833,1,9.8525,
2026-09-14T20:22:32.610476+05:30,153,2026-09-13,2026-09-13,2026-09-14,,weekend,measured_hours_only,unknown,data_incomplete,daily_total_only,,,5.8129962635,Daily total available; hourly profile is missing 1 hour(s).,1480.88,1812.524664,-331.644664,1853.702436,1385.354364,2322.050507,weekday profile,1853.702436,0.0,2,,
2026-09-15T00:01:13.780796+05:30,153,2026-09-14,2026-09-14,2026-09-15,2026-09-15T00:01:13.780796+05:30,weekday,measured_hours_only,[23],daily_total_only,daily_total_only,,,5.8129962635,Daily total available; hourly profile is missing 1 hour(s); no hourly estimate was invented.,1560.13,1853.702436,-293.572436,1585.747457,1200.624246,1970.870669,weekday profile,1585.747457,0.0,3,,device153-adaptive-v2
2026-10-05T18:31:24.290354+05:30,153,2026-09-15,2026-09-15,2026-09-16,2026-10-05T18:31:24.290354+05:30,weekday,daily_total_only_forecast_backfill,"[0, 1, 2, 3, 4, 5, 6, 7, 8, 9, 10, 11, 12, 13, 14, 15, 16, 17, 18, 19, 20, 21, 22, 23]",daily_total_only,daily_total_only,,,,Daily total available; historical forecast backfilled without inventing hourly data.,1486.24,1585.747457,-99.507457,,,,,,,,,device153-adaptive-v2
2026-09-17T20:41:28.273945+05:30,153,2026-09-16,2026-09-16,2026-09-17,2026-10-05T18:31:24.290354+05:30,weekday,measured_hours_only,"[0, 1, 2, 3, 4, 5, 6, 7, 8, 9, 10, 11, 12, 13, 14, 15, 16, 17, 18, 19, 20, 21, 22, 23]",daily_total_only,daily_total_only,,,5.8129962635,Daily total available; hourly profile is missing 24 hour(s); no hourly estimate was invented.,1653.56,1590.750318,62.809682,1756.591656,1335.746078,2177.437234,weekday profile,1756.591656,0.0,3,,device153-adaptive-v2
2026-10-05T18:31:24.290354+05:30,153,2026-09-17,2026-09-17,2026-09-18,2026-10-05T18:31:24.290354+05:30,weekday,daily_total_only_forecast_backfill,"[0, 1, 2, 3, 4, 5, 6, 7, 8, 9, 10, 11, 12, 13, 14, 15, 16, 17, 18, 19, 20, 21, 22, 23]",daily_total_only,daily_total_only,,,,Daily total available; historical forecast backfilled without inventing hourly data.,1678.38,1756.591656,-78.211656,,,,,,,,,device153-adaptive-v2
2026-10-05T18:31:24.290354+05:30,153,2026-09-18,2026-09-18,2026-09-19,2026-10-05T18:31:24.290354+05:30,weekday,daily_total_only_forecast_backfill,"[0, 1, 2, 3, 4, 5, 6, 7, 8, 9, 10, 11, 12, 13, 14, 15, 16, 17, 18, 19, 20, 21, 22, 23]",daily_total_only,daily_total_only,,,,Daily total available; historical forecast backfilled without inventing hourly data.,1655.25,1546.813298,108.436702,,,,,,,,,device153-adaptive-v2
2026-10-05T18:31:24.290354+05:30,153,2026-09-19,2026-09-19,2026-09-20,2026-10-05T18:31:24.290354+05:30,weekend,daily_total_only_forecast_backfill,"[0, 1, 2, 3, 4, 5, 6, 7, 8, 9, 10, 11, 12, 13, 14, 15, 16, 17, 18, 19, 20, 21, 22, 23]",daily_total_only,daily_total_only,,,,Daily total available; historical forecast backfilled without inventing hourly data.,1627.81,1576.913679,50.896321,,,,,,,,,device153-adaptive-v2
2026-10-05T18:31:24.290354+05:30,153,2026-09-20,2026-09-20,2026-09-21,2026-10-05T18:31:24.290354+05:30,weekend,daily_total_only_forecast_backfill,"[0, 1, 2, 3, 4, 5, 6, 7, 8, 9, 10, 11, 12, 13, 14, 15, 16, 17, 18, 19, 20, 21, 22, 23]",daily_total_only,daily_total_only,,,,Daily total available; historical forecast backfilled without inventing hourly data.,1700.19,1542.35645,157.83355,,,,,,,,,device153-adaptive-v2
2026-10-05T18:31:24.290354+05:30,153,2026-09-21,2026-09-21,2026-09-22,2026-10-05T18:31:24.290354+05:30,weekday,daily_total_only_forecast_backfill,"[0, 1, 2, 3, 4, 5, 6, 7, 8, 9, 10, 11, 12, 13, 14, 15, 16, 17, 18, 19, 20, 21, 22, 23]",daily_total_only,daily_total_only,,,,Daily total available; historical forecast backfilled without inventing hourly data.,1587.43,1774.219079,-186.789079,,,,,,,,,device153-adaptive-v2
2026-10-05T18:31:24.290354+05:30,153,2026-09-22,2026-09-22,2026-09-23,2026-10-05T18:31:24.290354+05:30,weekday,daily_total_only_forecast_backfill,"[0, 1, 2, 3, 4, 5, 6, 7, 8, 9, 10, 11, 12, 13, 14, 15, 16, 17, 18, 19, 20, 21, 22, 23]",daily_total_only,daily_total_only,,,,Daily total available; historical forecast backfilled without inventing hourly data.,1628.19,1542.399082,85.790918,,,,,,,,,device153-adaptive-v2
2026-10-05T18:31:24.290354+05:30,153,2026-09-23,2026-09-23,2026-09-24,2026-10-05T18:31:24.290354+05:30,weekday,daily_total_only_forecast_backfill,"[0, 1, 2, 3, 4, 5, 6, 7, 8, 9, 10, 11, 12, 13, 14, 15, 16, 17, 18, 19, 20, 21, 22, 23]",daily_total_only,daily_total_only,,,,Daily total available; historical forecast backfilled without inventing hourly data.,1623.06,1568.341096,54.718904,,,,,,,,,device153-adaptive-v2
2026-10-05T18:31:24.290354+05:30,153,2026-09-24,2026-09-24,2026-09-25,2026-10-05T18:31:24.290354+05:30,weekday,daily_total_only_forecast_backfill,"[0, 1, 2, 3, 4, 5, 6, 7, 8, 9, 10, 11, 12, 13, 14, 15, 16, 17, 18, 19, 20, 21, 22, 23]",daily_total_only,daily_total_only,,,,Daily total available; historical forecast backfilled without inventing hourly data.,1583.88,1748.746239,-164.866239,,,,,,,,,device153-adaptive-v2
2026-10-05T18:31:24.290354+05:30,153,2026-09-25,2026-09-25,2026-09-26,2026-10-05T18:31:24.290354+05:30,weekday,daily_total_only_forecast_backfill,"[0, 1, 2, 3, 4, 5, 6, 7, 8, 9, 10, 11, 12, 13, 14, 15, 16, 17, 18, 19, 20, 21, 22, 23]",daily_total_only,daily_total_only,,,,Daily total available; historical forecast backfilled without inventing hourly data.,1472.81,1519.719456,-46.909456,,,,,,,,,device153-adaptive-v2
2026-10-05T18:31:24.290354+05:30,153,2026-09-26,2026-09-26,2026-09-27,2026-10-05T18:31:24.290354+05:30,weekend,daily_total_only_forecast_backfill,"[0, 1, 2, 3, 4, 5, 6, 7, 8, 9, 10, 11, 12, 13, 14, 15, 16, 17, 18, 19, 20, 21, 22, 23]",daily_total_only,daily_total_only,,,,Daily total available; historical forecast backfilled without inventing hourly data.,1396.94,1552.177223,-155.237223,,,,,,,,,device153-adaptive-v2
2026-10-05T18:31:24.290354+05:30,153,2026-09-27,2026-09-27,2026-09-28,2026-10-05T18:31:24.290354+05:30,weekend,daily_total_only_forecast_backfill,"[0, 1, 2, 3, 4, 5, 6, 7, 8, 9, 10, 11, 12, 13, 14, 15, 16, 17, 18, 19, 20, 21, 22, 23]",daily_total_only,daily_total_only,,,,Daily total available; historical forecast backfilled without inventing hourly data.,1135.75,1575.90217,-440.15217,,,,,,,,,device153-adaptive-v2
2026-10-05T18:31:24.290354+05:30,153,2026-09-28,2026-09-28,2026-09-29,2026-10-05T18:31:24.290354+05:30,weekday,daily_total_only_forecast_backfill,"[0, 1, 2, 3, 4, 5, 6, 7, 8, 9, 10, 11, 12, 13, 14, 15, 16, 17, 18, 19, 20, 21, 22, 23]",daily_total_only,daily_total_only,,,,Daily total available; historical forecast backfilled without inventing hourly data.,1493.0,1500.38044,-7.38044,,,,,,,,,device153-adaptive-v2
2026-10-05T18:31:24.290354+05:30,153,2026-09-29,2026-09-29,2026-09-30,2026-10-05T18:31:24.290354+05:30,weekday,daily_total_only_forecast_backfill,"[0, 1, 2, 3, 4, 5, 6, 7, 8, 9, 10, 11, 12, 13, 14, 15, 16, 17, 18, 19, 20, 21, 22, 23]",daily_total_only,daily_total_only,,,,Daily total available; historical forecast backfilled without inventing hourly data.,1566.94,1526.21758,40.72242,,,,,,,,,device153-adaptive-v2
2026-10-05T18:31:24.290354+05:30,153,2026-09-30,2026-09-30,2026-10-01,2026-10-05T18:31:24.290354+05:30,weekday,daily_total_only_forecast_backfill,"[0, 1, 2, 3, 4, 5, 6, 7, 8, 9, 10, 11, 12, 13, 14, 15, 16, 17, 18, 19, 20, 21, 22, 23]",daily_total_only,daily_total_only,,,,Daily total available; historical forecast backfilled without inventing hourly data.,1524.12,1484.668518,39.451482,,,,,,,,,device153-adaptive-v2
2026-10-05T18:31:24.290354+05:30,153,2026-10-01,2026-10-01,2026-10-02,2026-10-05T18:31:24.290354+05:30,weekday,daily_total_only_forecast_backfill,"[0, 1, 2, 3, 4, 5, 6, 7, 8, 9, 10, 11, 12, 13, 14, 15, 16, 17, 18, 19, 20, 21, 22, 23]",daily_total_only,daily_total_only,,,,Daily total available; historical forecast backfilled without inventing hourly data.,1490.81,1464.890595,25.919405,,,,,,,,,device153-adaptive-v2
2026-10-05T18:31:24.290354+05:30,153,2026-10-02,2026-10-02,2026-10-03,2026-10-05T18:31:24.290354+05:30,holiday,daily_total_only_forecast_backfill,"[0, 1, 2, 3, 4, 5, 6, 7, 8, 9, 10, 11, 12, 13, 14, 15, 16, 17, 18, 19, 20, 21, 22, 23]",daily_total_only,daily_total_only,,,,Daily total available; historical forecast backfilled without inventing hourly data.,1388.31,1492.933737,-104.623737,,,,,,,,,device153-adaptive-v2
2026-10-05T18:31:24.290354+05:30,153,2026-10-03,2026-10-03,2026-10-04,2026-10-05T18:31:24.290354+05:30,weekend,daily_total_only_forecast_backfill,"[0, 1, 2, 3, 4, 5, 6, 7, 8, 9, 10, 11, 12, 13, 14, 15, 16, 17, 18, 19, 20, 21, 22, 23]",daily_total_only,daily_total_only,,,,Daily total available; historical forecast backfilled without inventing hourly data.,1329.37,1507.56877,-178.19877,,,,,,,,,device153-adaptive-v2
2026-10-05T18:31:24.290354+05:30,153,2026-10-04,2026-10-04,2026-10-05,2026-10-05T18:31:24.290354+05:30,weekend,measured_hours_only,"[0, 1, 2, 3, 4, 5, 6, 7, 8, 9, 10, 11, 12, 13, 14, 15, 16, 17, 18, 19, 20, 21, 22, 23]",daily_total_only,daily_total_only,,,5.8129962635,Daily total available; hourly profile is missing 24 hour(s); no hourly estimate was invented.,1500.56,1537.297109,-36.737109,1553.125678,1268.250918,1838.000438,weekday profile,1553.125678,0.0,3,,device153-adaptive-v2
